1,ARGENTINA,1,"al foxes promise slyly according to the regular accounts. bold requests alon"
1,ARGENTINA,1,"al foxes promise slyly according to the regular accounts. bold requests alon"
1,ARGENTINA,1,"al foxes promise slyly according to the regular accounts. bold requests alon"
1,ARGENTINA,1,"al foxes promise slyly according to the regular accounts. bold requests alon"
1,ARGENTINA,1,"al foxes promise slyly according to the regular accounts. bold requests alon"
2,BRAZIL,1,"y alongside of the pending deposits. carefully special packages are about the ironic forges. slyly special "
2,BRAZIL,1,"y alongside of the pending deposits. carefully special packages are about the ironic forges. slyly special "
2,BRAZIL,1,"y alongside of the pending deposits. carefully special packages are about the ironic forges. slyly special "
2,BRAZIL,1,"y alongside of the pending deposits. carefully special packages are about the ironic forges. slyly special "
2,BRAZIL,1,"y alongside of the pending deposits. carefully special packages are about the ironic forges. slyly special "
3,CANADA,1,"eas hang ironic, silent packages. slyly regular packages are furiously over the tithes. fluffily bold"
3,CANADA,1,"eas hang ironic, silent packages. slyly regular packages are furiously over the tithes. fluffily bold"
3,CANADA,1,"eas hang ironic, silent packages. slyly regular packages are furiously over the tithes. fluffily bold"
3,CANADA,1,"eas hang ironic, silent packages. slyly regular packages are furiously over the tithes. fluffily bold"
3,CANADA,1,"eas hang ironic, silent packages. slyly regular packages are furiously over the tithes. fluffily bold"
4,EGYPT,4,"y above the carefully unusual theodolites. final dugouts are quickly across the furiously regular d"
4,EGYPT,4,"y above the carefully unusual theodolites. final dugouts are quickly across the furiously regular d"
4,EGYPT,4,"y above the carefully unusual theodolites. final dugouts are quickly across the furiously regular d"
4,EGYPT,4,"y above the carefully unusual theodolites. final dugouts are quickly across the furiously regular d"
4,EGYPT,4,"y above the carefully unusual theodolites. final dugouts are quickly across the furiously regular d"
8,INDIA,2,"ss excuses cajole slyly across the packages. deposits print aroun"
8,INDIA,2,"ss excuses cajole slyly across the packages. deposits print aroun"
8,INDIA,2,"ss excuses cajole slyly across the packages. deposits print aroun"
8,INDIA,2,"ss excuses cajole slyly across the packages. deposits print aroun"
8,INDIA,2,"ss excuses cajole slyly across the packages. deposits print aroun"
9,INDONESIA,2," slyly express asymptotes. regular deposits haggle slyly. carefully ironic hockey players sleep blithely. carefull"
9,INDONESIA,2," slyly express asymptotes. regular deposits haggle slyly. carefully ironic hockey players sleep blithely. carefull"
9,INDONESIA,2," slyly express asymptotes. regular deposits haggle slyly. carefully ironic hockey players sleep blithely. carefull"
9,INDONESIA,2," slyly express asymptotes. regular deposits haggle slyly. carefully ironic hockey players sleep blithely. carefull"
9,INDONESIA,2," slyly express asymptotes. regular deposits haggle slyly. carefully ironic hockey players sleep blithely. carefull"
10,IRAN,4,"efully alongside of the slyly final dependencies. "
10,IRAN,4,"efully alongside of the slyly final dependencies. "
10,IRAN,4,"efully alongside of the slyly final dependencies. "
10,IRAN,4,"efully alongside of the slyly final dependencies. "
10,IRAN,4,"efully alongside of the slyly final dependencies. "
11,IRAQ,4,"nic deposits boost atop the quickly final requests? quickly regula"
11,IRAQ,4,"nic deposits boost atop the quickly final requests? quickly regula"
11,IRAQ,4,"nic deposits boost atop the quickly final requests? quickly regula"
11,IRAQ,4,"nic deposits boost atop the quickly final requests? quickly regula"
11,IRAQ,4,"nic deposits boost atop the quickly final requests? quickly regula"
12,JAPAN,2,"ously. final, express gifts cajole a"
12,JAPAN,2,"ously. final, express gifts cajole a"
12,JAPAN,2,"ously. final, express gifts cajole a"
12,JAPAN,2,"ously. final, express gifts cajole a"
12,JAPAN,2,"ously. final, express gifts cajole a"
13,JORDAN,4,"ic deposits are blithely about the carefully regular pa"
13,JORDAN,4,"ic deposits are blithely about the carefully regular pa"
13,JORDAN,4,"ic deposits are blithely about the carefully regular pa"
13,JORDAN,4,"ic deposits are blithely about the carefully regular pa"
13,JORDAN,4,"ic deposits are blithely about the carefully regular pa"
17,PERU,1,"platelets. blithely pending dependencies use fluffily across the even pinto beans. carefully silent accoun"
17,PERU,1,"platelets. blithely pending dependencies use fluffily across the even pinto beans. carefully silent accoun"
17,PERU,1,"platelets. blithely pending dependencies use fluffily across the even pinto beans. carefully silent accoun"
17,PERU,1,"platelets. blithely pending dependencies use fluffily across the even pinto beans. carefully silent accoun"
17,PERU,1,"platelets. blithely pending dependencies use fluffily across the even pinto beans. carefully silent accoun"
18,CHINA,2,"c dependencies. furiously express notornis sleep slyly regular accounts. ideas sleep. depos"
18,CHINA,2,"c dependencies. furiously express notornis sleep slyly regular accounts. ideas sleep. depos"
18,CHINA,2,"c dependencies. furiously express notornis sleep slyly regular accounts. ideas sleep. depos"
18,CHINA,2,"c dependencies. furiously express notornis sleep slyly regular accounts. ideas sleep. depos"
18,CHINA,2,"c dependencies. furiously express notornis sleep slyly regular accounts. ideas sleep. depos"
20,SAUDI ARABIA,4,"ts. silent requests haggle. closely express packages sleep across the blithely"
20,SAUDI ARABIA,4,"ts. silent requests haggle. closely express packages sleep across the blithely"
20,SAUDI ARABIA,4,"ts. silent requests haggle. closely express packages sleep across the blithely"
20,SAUDI ARABIA,4,"ts. silent requests haggle. closely express packages sleep across the blithely"
20,SAUDI ARABIA,4,"ts. silent requests haggle. closely express packages sleep across the blithely"
21,VIETNAM,2,"hely enticingly express accounts. even, final "
21,VIETNAM,2,"hely enticingly express accounts. even, final "
21,VIETNAM,2,"hely enticingly express accounts. even, final "
21,VIETNAM,2,"hely enticingly express accounts. even, final "
21,VIETNAM,2,"hely enticingly express accounts. even, final "
24,UNITED STATES,1,"y final packages. slow foxes cajole quickly. quickly silent platelets breach ironic accounts. unusual pinto be"
24,UNITED STATES,1,"y final packages. slow foxes cajole quickly. quickly silent platelets breach ironic accounts. unusual pinto be"
24,UNITED STATES,1,"y final packages. slow foxes cajole quickly. quickly silent platelets breach ironic accounts. unusual pinto be"
24,UNITED STATES,1,"y final packages. slow foxes cajole quickly. quickly silent platelets breach ironic accounts. unusual pinto be"
24,UNITED STATES,1,"y final packages. slow foxes cajole quickly. quickly silent platelets breach ironic accounts. unusual pinto be"
